playing_trombone,0
playing_controller,1
photograph,2
recreation,3
sitting,4
situp,5
playing_recorder,6
playing_cello,7
playing_flute,8
playing_bass_guitar,9
throwing_tantrum,10
standing,11
playing_clarinet,12
roller_skating,13
using_segway,14
playing_violin,15
playing_saxophone,16
smile,17
playing_organ,18
inflating_balloons,19
waving_hand,20
public_speaking,21
singing,22
outdoor_recreation,23
passing_american_football_not_in_game_,24
playing_trumpet,25
playing_pan_pipes,26
percussion,27
headbanging,28
playing_ocarina,29
smoking_pipe,30
backflip_human_,31
marching,32
giving_or_receiving_award,33
grooming_horse,34
answering_questions,35
yoga,36
cutting_orange,37
playing_pinball,38
alligator_wrestling,39
breathing_fire,40
busking,41
snowmobiling,42
folding_napkins,43
making_paper_aeroplanes,44
cumbia,45
putting_on_eyeliner,46
recording_music,47
pushing_cart,48
dance,49
dancing_macarena,50
pushing_wheelchair,51
ski_jumping,52
playing_cymbals,53
contact_juggling,54
climbing_tree,55
bartending,56
fixing_hair,57
ice_fishing,58
falling_off_chair,59
disc_golfing,60
belly_dancing,61
playing_harmonica,62
skiing_mono,63
putting_on_lipstick,64
repairing_puncture,65
tossing_coin,66
using_remote_controller_not_gaming_,67
jumping_jacks,68
drinking_shots,69
country_line_dancing,70
contorting,71
kicking_soccer_ball,72
figure_skating,73
calligraphy,74
home_roasting_coffee,75
karaoke,76
flipping_pancake,77
catching_or_throwing_baseball,78
counting_money,79
eating_hotdog,80
gospel_singing_in_church,81
geocaching,82
getting_a_tattoo,83
acting_in_play,84
massaging_feet,85
playing_poker,86
drop_kicking,87
needle_felting,88
riding_elephant,89
making_a_sandwich,90
opening_door,91
unboxing,92
control,93
playing_ukulele,94
folding_clothes,95
playing_didgeridoo,96
playing_keyboard,97
sword_swallowing,98
washing_dishes,99
tying_bow_tie,100
playing_chess,101
sharpening_pencil,102
shearing_sheep,103
yarn_spinning,104
writing,105
wrapping_present,106
whistling,107
washing_hands,108
track_and_field,109
sprint,110
triple_jump,111
trimming_trees,112
sailing,113
boating,114
windsurfing,115
physical_exercise,116
playing_xylophone,117
tickling,118
swimming,119
swimming_backstroke,120
swimming_breast_stroke,121
smoking,122
playing_bagpipes,123
weaving_basket,124
running,125
jumping,126
high_jump,127
washing_feet,128
twiddling_fingers,129
attending_conference,130
brush_painting,131
building_cabinet,132
crossing_eyes,133
cutting_pineapple,134
bottling,135
braiding_hair,136
bowling,137
breading_or_breadcrumbing,138
ball_game,139
breakdancing,140
breaking_boards,141
sparring,142
brushing_hair,143
building_sandcastle,144
building_lego,145
bulldozing,146
bull_fighting,147
drawing,148
burping,149
calculating,150
carving_ice,151
cartwheeling,152
carving_pumpkin,153
card_stacking,154
catching_or_throwing_frisbee,155
celebrating,156
changing_oil,157
chiseling_wood,158
climbing_ladder,159
chopping_meat,160
cleaning_gutters,161
cooking,162
chopping_vegetables,163
cleaning_pool,164
sports_training,165
strength_training,166
clean_and_jerk,167
coloring_in,168
cooking_on_campfire,169
cooking_scallops,170
cracking_knuckles,171
crawling_baby,172
crossing_river,173
motorcycling,174
crying,175
curling_sport_,176
cutting_watermelon,177
cutting_nails,178
eating,179
choreography,180
dancing_ballet,181
dancing_charleston,182
driving_tractor,183
riding_mower,184
drooling,185
dancing_gangnam_style,186
drumming_fingers,187
dumpster_diving,188
dyeing_eyebrows,189
dunking_basketball,190
basketball_moves,191
eating_carrots,192
eating_doughnuts,193
doing_laundry,194
sleeping,195
eating_chips,196
egg_hunting,197
eating_spaghetti,198
eating_watermelon,199
fidgeting,200
exercising_with_an_exercise_ball,201
embroidering,202
faceplanting,203
falling_off_bike,204
cycling,205
lighting_fire,206
lock_picking,207
feeding_birds,208
scuba_diving,209
diving,210
feeding_fish,211
underwater_diving,212
learning,213
feeding_goats,214
fencing_sport_,215
finger_snapping,216
fixing_bicycle,217
luge,218
sledding,219
tobogganing,220
lunge,221
flint_knapping,222
fly_tying,223
golf,224
flying_kite,225
front_raises,226
folding_paper,227
getting_a_haircut,228
frying_vegetables,229
golf_driving,230
golf_chipping,231
golf_putting,232
grooming_dog,233
hand_washing_clothes,234
gymnastics_tumbling,235
head_stand,236
hammer_throw,237
headbutting,238
historical_reenactment,239
holding_snake,240
high_kick,241
hitting_baseball,242
boxing,243
wrestling,244
hopscotch,245
hoverboarding,246
hurdling,247
huddling,248
american_football,249
kissing,250
hugging_baby,251
hula_hooping,252
hurling_sport_,253
ice_skating,254
longboarding,255
skateboarding,256
jetskiing,257
ironing_hair,258
javelin_throw,259
jumping_into_pool,260
juggling_soccer_ball,261
mountain_biking,262
jumping_bicycle,263
jumpstyle_dancing,264
kitesurfing,265
crochet,266
craft,267
purl,268
knitting,269
laying_stone,270
laughing,271
land_sailing,272
auto_racing,273
lawn_mower_racing,274
laying_bricks,275
laying_tiles,276
looking_at_phone,277
lifting_hat,278
making_jewelry,279
shaping_bread_dough,280
making_bubbles,281
reading,282
making_balloon_shapes,283
making_sushi,284
making_cheese,285
origami,286
making_snowman,287
making_horseshoes,288
making_tea,289
making_pizza,290
making_the_bed,291
moon_walking,292
shopping,293
massaging_person_s_head,294
mopping_floor,295
milking_cow,296
mosh_pit_dancing,297
mountain_climber_exercise_,298
moving_furniture,299
mowing_lawn,300
mushroom_foraging,301
news_anchoring,302
shaking_head,303
opening_present,304
opening_refrigerator,305
opening_wine_bottle,306
parasailing,307
paragliding,308
parachuting,309
gliding,310
packing,311
parkour,312
peeling_potatoes,313
peeling_apples,314
soccer,315
passing_soccer_ball,316
petting_animal_not_cat_,317
person_collecting_garbage,318
petting_cat,319
photobombing,320
planing_wood,321
picking_fruit,322
pinching,323
sharpening_knives,324
pirouetting,325
planting_trees,326
gymnastics,327
playing_accordion,328
playing_badminton,329
playing_basketball,330
card_game,331
playing_blackjack,332
gambling,333
walking,334
playing_beer_pong,335
playing_darts,336
playing_cricket,337
playing_drums,338
playing_guitar,339
playing_dominoes,340
playing_field_hockey,341
playing_gong,342
cheerleading,343
cheering,344
playing_ice_hockey,345
playing_harp,346
playing_hand_clapping_games,347
playing_marbles,348
playing_kickball,349
playing_laser_tag,350
playing_maracas,351
playing_lute,352
playing_monopoly,353
playing_netball,354
cosplaying,355
playing_polo,356
playing_piano,357
playing_ping_pong,358
equitation,359
riding_unicycle,360
rodeo,361
playing_rubiks_cube,362
playing_tennis,363
playing_scrabble,364
playing_squash_or_racquetball,365
playing_volleyball,366
shaking_hands,367
playing_with_trains,368
poking_bellybutton,369
pole_vault,370
polishing_metal,371
popping_balloons,372
pouring_beer,373
preparing_salad,374
presenting_weather_forecast,375
pull_ups,376
pumping_gas,377
pumping_fist,378
punching_bag,379
punching_person_boxing_,380
punch,381
shaving_head,382
waking_up,383
shaving_legs,384
shining_shoes,385
shoveling_snow,386
shooting_basketball,387
shot_put,388
sign_language_interpreting,389
shuffling_cards,390
side_kick,391
worship,392
alpine_skiing,393
skiing_slalom,394
skiing,395
inline_skating,396
skiing_crosscountry,397
skydiving,398
slacklining,399
slapping,400
sled_dog_racing,401
smashing,402
snowboarding,403
snatch_weight_lifting,404
snorkeling,405
snowkiting,406
spray_painting,407
spinning_poi,408
standing_on_hands,409
bathing,410
washing_hair,411
water_skiing,412
watering_plants,413
waxing_back,414
waxing_legs,415
winking,416
canoeing_or_kayaking,417
wood_burning_art_,418
grappling,419
zumba,420
rolling_pastry,421
robot_dancing,422
yawning,423
rock_scissors_paper,424
sanding_floor,425
using_circular_saw,426
weaving_fabric,427
welding,428
tying_knot_not_on_a_tie_,429
throwing_water_balloon,430
tie_dying,431
testifying,432
texting,433
throwing_discus,434
tasting_food,435
tai_chi,436
tackling,437
sword_fighting,438
long_jump,439
putting_in_contact_lenses,440
swinging_on_something,441
putting_on_mascara,442
raising_eyebrows,443
reading_newspaper,444
making_a_cake,445
riding_camel,446
trail_riding,447
riding_scooter,448
roasting_marshmallows,449
rock_climbing,450
salsa_dancing,451
surfing_crowd,452
swing_dancing,453
separating_eggs,454
surfing_water,455
visiting_the_zoo,456
trimming_or_shaving_beard,457
trapezing,458
tying_necktie,459
setting_table,460
massaging_legs,461
massaging_neck,462
massaging_back,463
marriage_proposal,464
sausage_making,465
opening_bottle_not_wine_,466
scrapbooking,467
scrubbing_face,468
scrambling_eggs,469
using_a_microscope,470
licking,471
using_a_paint_roller,472
using_a_sledge_hammer,473
using_atm,474
using_a_power_drill,475
using_bagging_machine,476
using_puppets,477
using_inhaler,478
vacuuming_floor,479
pushing_car,480
push_up,481
sewing,482
putting_on_shoes,483
putting_on_sari,484
reading_book,485
riding_or_walking_with_horse,486
hunt_seat,487
riding_mule,488
ripping_paper,489
riding_mechanical_bull,490
trimming_shrubs,491
training_dog,492
tightrope_walking,493
tiptoeing,494
throwing_snowballs,495
throwing_knife,496
threading_needle,497
softball,498
tasting_wine,499
drinking,500
throwing_axe,501
tapping_pen,502
tap_dancing,503
tango_dancing,504
talking_on_cell_phone,505
swimming_front_crawl,506
swimming_butterfly_stroke,507
grilling,508
barbequing,509
stretching_leg,510
modern_dance,511
sweeping_floor,512
sucking_lolly,513
squat,514
stretching_arm,515
stomping_grapes,516
steer_roping,517
square_dancing,518
staring,519
smelling_feet,520
angling,521
skipping_stone,522
skipping_rope,523
sipping_cup,524
shuffling_feet,525
sticking_tongue_out,526
pan_frying,527
frying,528
grinding_meat,529
running_on_treadmill,530
riding_snow_blower,531
roasting_pig,532
roasting,533
walking_the_dog,534
tying_shoe_laces,535
needlework,536
stitch,537
weaving,538
waxing_eyebrows,539
wading_through_mud,540
waiting_in_line,541
walking_through_snow,542
bouncing_on_bouncy_castle,543
laying_concrete,544
swinging_baseball_bat,545
baseball,546
putting_on_foundation,547
pushing_wheelbarrow,548
tagging_graffiti,549
brushing_teeth,550
tasting_beer,551
springboard_diving,552
folk_dance,553
sneezing,554
recreational_fishing,555
shucking_oysters,556
bungee_jumping,557
shining_flashlight,558
building_shed,559
fishing,560
climbing,561
waste,562
hugging_not_baby_,563
hockey_stop,564
gold_panning,565
getting_a_piercing,566
extinguishing_fire,567
eating_cake,568
eating_burger,569
dyeing_hair,570
doing_jigsaw_puzzle,571
doing_aerobics,572
directing_traffic,573
decorating_the_christmas_tree,574
dining,575
deadlifting,576
bodybuilding,577
cutting_apple,578
driving_car,579
cooking_sausages_not_on_barbeque_,580
combing_hair,581
cooking_egg,582
cleaning_toilet,583
cleaning_shoes,584
clay_pottery_making,585
cleaning_windows,586
casting_fishing_line,587
clam_digging,588
chopping_wood,589
chewing_gum,590
chiseling_stone,591
changing_wheel_not_on_bike_,592
changing_gear_in_car,593
catching_or_throwing_softball,594
fly_fishing,595
catching_fish,596
card_throwing,597
carrying_baby,598
capoeira,599
bookbinding,600
blowing_nose,601
blowing_out_candles,602
blowing_bubble_gum,603
blowing_glass,604
bending_back,605
bee_keeping,606
blowing_leaves,607
blasting_sand,608
bending_metal,609
biking_through_snow,610
bench_pressing,611
beatboxing,612
base_jumping,613
bathing_dog,614
baking_cookies,615
assembling_computer,616
auctioning,617
arm_wrestling,618
arranging_flowers,619
delivering_mail,620
abseiling,621
doing_nails,622
adjusting_glasses,623
dribbling_basketball,624
applauding,625
air_drumming,626
applying_cream,627
arguing,628
archaeological_excavation,629
archery,630
assembling_bicycle,631
bandaging,632
battle_rope_training,633
blowdrying_hair,634
bobsledding,635
bodysurfing,636
acrobatics,637
waxing_chest,638
watching_tv,639
wading_through_water,640
unloading_truck,641
leatherworking,642
stone_carving,643
smoking_hookah,644
eating_ice_cream,645
docking_boat,646
dodgeball,647
diving_cliff,648
curling_hair,649
clapping,650
climbing_a_rope,651
bouldering,652
checking_tires,653
bouncing_on_trampoline,654
capsizing,655
pitch,656
surf_fishing,657
cracking_neck,658
logging,659
ice_climbing,660
installing_carpet,661
jaywalking,662
downhill_mountain_biking,663
kicking_field_goal,664
passing_american_football_in_game_,665
photocopying,666
print,667
plastering,668
shooting,669
playing_paintball,670
shooting_goal_soccer_,671
somersaulting,672
rope_pushdown,673
sawing_wood,674
using_a_wrench,675
riding_a_bike,676
juggling_fire,677
juggling_balls,678
ironing,679
jogging,680
cross_country_cycling,681
ice_swimming,682
krumping,683
cutting_the_grass,684
pillow_fight,685
futsal,686
water_sliding,687
caving,688
spelunking,689
throwing_ball_not_baseball_or_american_football_,690
calf_roping,691
rollerblading,692
tapping_guitar,693
cracking_back,694
fly_casting,695
harvest,696
cross,697
fight,698
wicker_weaving,699
marching_percussion,700
fixing_the_roof,701
playing_ten_pins,702
powerbocking,703
clipping_cat_claws,704
doing_karate,705
painting_fence,706
plataform_diving,707
making_an_omelette,708
painting_furniture,709
playing_lacrosse,710
playing_congas,711
bmx,712
playing_water_polo,713
layup_drill_in_basketball,714
removing_curlers,715
baton_twirling,716
riding_bumper_cars,717
snow_tubing,718
hitting_a_pinata,719
drum_corps,720
croquet,721
doing_kickboxing,722
table_soccer,723
rafting,724
beach_soccer,725
raking_leaves,726
roof_shingle_removal,727
making_a_lemonade,728
doing_motocross,729
hand_car_wash,730
spread_mulch,731
using_the_pommel_horse,732
using_the_monkey_bar,733
disc_dog,734
river_tubing,735
preparing_pasta,736
polishing_forniture,737
doing_a_powerbomb,738
