fun,0
beauty,1
leisure,2
human_hair_color,3
black_and_white,4
darkness,5
black,6
long_hair,7
blond,8
wood,9
red,10
concrete,11
blue,12
daytime,13
military,14
denim,15
magenta,16
reflection,17
freezing,18
monochrome,19
multimedia,20
neon,21
black_hair,22
white,23
pink,24
electric_blue,25
cobalt_blue,26
silver,27
asphalt,28
cool,29
violet,30
plastic,31
metal,32
barechestedness,33
plywood,34
paper,35
gold,36
caramel_color,37
art_paper,38
evergreen,39
deciduous,40
youth,41
floating,42
elder,43
green,44
yellow,45
inflatable,46
polka_dot,47
orange,48
classic,49
sweetness,50
turquoise,51
azure,52
calm,53
purple,54
maroon,55
brown_hair,56
bricks_and_mortar,57
boiling,58
ceramic,59
iron,60
leather,61
symmetry,62
aggression,63
hunky,64
angora,65
wool,66
explosive_material,67
happy,68
dairy,69
shade,70
silk,71
synthetic_rubber,72
laminate,73
woven_fabric,74
woolen,75
plush,76
metropolis,77
moist,78
teal,79
brown,80
bangs,81
beige,82
cleft,83
drama,84
clay,85
rapid,86
peach,87
al_dente,88
bmw,89
caffeine,90
lilac,91
transparency_and_translucency,92
brass,93
citric_acid,94
origami_paper,95
complexion,96
afro,97
cardboard,98
red_hair,99
pompadour,100
fluid,101
layered_hair,102
pigtail,103
glitter,104
coca_cola,105
camouflage,106
velvet,107
platinum_blond,108
satin,109
flyweight,110
plane,111
patchwork,112
emerald,113
wrinkle,114
forward,115
granite,116
