classical_music,0
music,1
electronics,2
technology,3
nature,4
sport,5
performing_arts,6
entertainment,7
performance,8
male,9
lighting,10
art,11
close_up,12
choir,13
design,14
hairstyle,15
human_behavior,16
musical_ensemble,17
line,18
font,19
military_organization,20
marching_band,21
crowd,22
team,23
crew,24
army,25
troop,26
song,27
film,28
news,29
logo,30
graphics,31
interaction,32
religion,33
clergy,34
games,35
wildlife,36
fauna,37
heat,38
automotive_design,39
automotive_exterior,40
indoor_games_and_sports,41
shadow,42
extreme_sport,43
pattern,44
silhouette,45
winter_sport,46
geological_phenomenon,47
selfie,48
service,49
job,50
plaster,51
research,52
angle,53
orchestra,54
pop_music,55
rectangle,56
electrical_network,57
audience,58
emotion,59
money,60
currency,61
tradition,62
official,63
stock_photography,64
geology,65
rock,66
graphic_design,67
architecture,68
brand,69
romance,70
organism,71
animal_source_foods,72
junk_food,73
cuisine,74
handwriting,75
athletics,76
vegetation,77
public_utility,78
interior_design,79
fixed_link,80
water_transportation,81
wind,82
physical_fitness,83
memorial,84
love,85
friendship,86
water_sport,87
endurance_sports,88
tartan,89
plaid,90
real_estate,91
ecosystem,92
facial_expression,93
dog_breed,94
individual_sports,95
infrastructure,96
east_asian_food,97
asian_food,98
seafood,99
mixture,100
recipe,101
martial_arts,102
striking_combat_sports,103
japanese_martial_arts,104
combat_sport,105
tourism,106
mode_of_transport,107
animal_sports,108
construction,109
painting,110
visual_arts,111
graffito,112
street_art,113
golf_club,114
tool,115
vegetarian_food,116
fictional_character,117
circle,118
off_road,119
land_vehicle,120
plant_community,121
people,122
family,123
local_food,124
community,125
contact_sport,126
agriculture,127
waste_containment,128
display_advertising,129
team_sport,130
major_appliance,131
american_food,132
baked_goods,133
meal,134
finger_food,135
fast_food,136
cycle_sport,137
marine_mammal,138
underwater,139
class,140
comfort,141
benthos,142
shoal,143
match_play,144
herd,145
war,146
stick_and_ball_games,147
boardsport,148
watercraft,149
kite_sports,150
surface_water_sports,151
windsports,152
comfort_food,153
motorsport,154
medical,155
taste,156
european_food,157
italian_food,158
shelving,159
inventory,160
luxury_vehicle,161
television_program,162
energy,163
air_sports,164
weapon,165
racquet_sport,166
ball_over_a_net_games,167
doubles,168
square,169
modern_art,170
stick_and_ball_sports,171
public_transport,172
social_group,173
equestrian_sport,174
traditional_sport,175
cube,176
party_supply,177
number,178
software,179
natural_foods,180
classic_car,181
health_care,182
mid_size_car,183
roller_sport,184
aviation,185
air_force,186
floristry,187
floral_design,188
pollution,189
aerial_photography,190
court_game,191
business,192
commodity,193
erg,194
meteorological_phenomenon,195
decor,196
japanese_cuisine,197
engineering,198
lockstitch,199
tread,200
fashion_design,201
cylinder,202
clip_art,203
symbol,204
weapon_combat_sports,205
pyramid,206
towed_water_sport,207
industry,208
packaging_and_labeling,209
side_dish,210
bat_and_ball_games,211
shooting_sport,212
artistic_gymnastics,213
cellular_network,214
non_sporting_group,215
heart,216
primate,217
military_officer,218
laser,219
mesh,220
triangle,221
arch,222
field_game,223
medicine,224
laughter,225
law_enforcement,226
mineral,227
fried_food,228
street_food,229
traffic,230
sphere,231
line_art,232
police,233
pollinator,234
mass_production,235
circus,236
telephony,237
monochrome_photography,238
animal_migration,239
emergency_service,240
rapid_transit,241
german_food,242
grilled_food,243
still_life_photography,244
still_life,245
costume_design,246
spiral,247
management,248
superfood,249
electricity,250
stucco,251
pint_us,252
computer_program,253
diet_food,254
convenience_food,255
website,256
security,257
frozen_food,258
light_commercial_vehicle,259
confectionery,260
map,261
tribe,262
spring_break,263
spoor,264
dressage,265
pachyderm,266
ancient_history,267
luxury_yacht,268
military_rank,269
cable_management,270
blessing,271
court,272
water_ball_sports,273
emergency,274
rose_order,275
color_guard,276
star,277
skin_care,278
history,279
medal_play,280
ensemble,281
concert_band,282
video_game_software,283
dialog_box,284
singles,285
spotlight,286
whole_food,287
dog_sports,288
collaboration,289
spanish_cuisine,290
