summer,0
night,1
concert,2
vacation,3
wedding,4
ceremony,5
morning,6
adventure,7
public_event,8
conversation,9
party,10
winter,11
competition,12
race,13
broad_jump,14
multi_sport_event,15
decathlon,16
meeting,17
convention,18
seminar,19
speech,20
disaster,21
halloween,22
banquet,23
art_exhibition,24
exhibition,25
demonstration,26
bedtime,27
brunch,28
breakfast,29
lunch,30
autumn,31
conference,32
parade,33
festival,34
carnival,35
rock_concert,36
massage,37
spring,38
holiday,39
christmas,40
tournament,41
evening,42
championship,43
lecture,44
presentation,45
ritual,46
ski_cross,47
general_aviation,48
air_travel,49
flight,50
sunrise_and_sunset,51
news_conference,52
supper,53
manicure,54
safari,55
protest,56
award_ceremony,57
dinner,58
picnic,59
road_trip,60
auto_show,61
heptathlon,62
marathon,63
freight_transport,64
800_metres,65
photo_shoot,66
wedding_reception,67
graduation,68
