brass_instrument,0
musical_instrument,1
trumpet,2
woodwind_instrument,3
musician,4
musical_instrument_accessory,5
wind_instrument,6
trombone,7
trumpeter,8
gadget,9
electronic_musical_instrument,10
electronic_device,11
arm,12
thumb,13
joystick,14
audio_equipment,15
nail,16
hand,17
human_body,18
finger,19
joint,20
shoulder,21
human_leg,22
girl,23
grass,24
plant,25
footwear,26
tree,27
shorts,28
thigh,29
lawn,30
mouth,31
child,32
nose,33
hair,34
head,35
eye,36
cheek,37
forehead,38
eyebrow,39
face,40
violist,41
cellist,42
violin_family,43
man,44
cello,45
string_instrument,46
human,47
bowed_string_instrument,48
flute,49
flautist,50
fipple_flute,51
flutist,52
string_instrument_accessory,53
guitarist,54
chin,55
neck,56
plucked_string_instruments,57
guitar,58
lip,59
bass_guitar,60
loudspeaker,61
speaker,62
furniture,63
subwoofer,64
home_appliance,65
toddler,66
table,67
saxophonist,68
baritone_saxophone,69
tenor_saxophonist,70
saxophone,71
skateboarding_equipment_and_supplies,72
segway,73
unicycle,74
parquet,75
flooring,76
violinist,77
reed_instrument,78
electric_piano,79
piano_keyboard,80
pianist,81
fortepiano,82
pianet,83
musical_keyboard,84
piano,85
keyboard_instrument,86
balloon,87
ball,88
flower,89
sari,90
orator,91
outerwear,92
cloud,93
player,94
cornet,95
skin,96
boy,97
infant,98
glasses,99
facial_hair,100
eyewear,101
jaw,102
woody_plant,103
text,104
sunlight,105
military_person,106
grenadier,107
uniform,108
infantry,109
newscaster,110
fur,111
ear,112
microphone,113
senior_citizen,114
headgear,115
moustache,116
singer,117
beard,118
arcade_game,119
pinball_machine,120
snout,121
vertebrate,122
jeans,123
city_car,124
fire,125
vehicle,126
car,127
motor_vehicle,128
family_car,129
display_device,130
slot,131
slot_machine,132
automotive_lighting,133
textile,134
tom_tom_drum,135
drum,136
drummer,137
percussionist,138
eyelash,139
organ,140
eye_shadow,141
makeup,142
organist,143
audio_engineer,144
baby_products,145
doll,146
woman,147
dancer,148
wheelchair,149
wheel,150
t_shirt,151
poster,152
tarpaulin,153
skin_head_percussion_instrument,154
drumstick,155
cymbal,156
steel_drum,157
display_window,158
muscle,159
light_fixture,160
branch,161
neon_sign,162
vigil_light,163
dry_suit,164
ice,165
spinet,166
clavier,167
oboist,168
knee,169
machine,170
costume,171
camera_operator,172
hip,173
leaf,174
helmet,175
lip_gloss,176
cosmetics,177
lipstick,178
tire,179
automotive_wheel_system,180
rim,181
automotive_tire,182
computer_keyboard,183
wire,184
microcontroller,185
electrical_wiring,186
circuit_component,187
remote_control,188
electronic_component,189
circuit,190
electronics_accessory,191
drink,192
lighter,193
foot,194
back,195
chalk,196
water,197
personal_protective_equipment,198
ice_skate,199
wind_wave,200
outdoor_structure,201
cash,202
measuring_instrument,203
small_appliance,204
hardware,205
soil,206
abdomen,207
tattoo,208
bodybuilder,209
sign,210
model,211
free_reed_aerophone,212
folk_instrument,213
accordion,214
board_game,215
clothing,216
couch,217
produce,218
violin,219
double_bass,220
sun,221
artwork,222
bratwurst,223
meat,224
sausage,225
dessert,226
dish,227
food,228
safe,229
ocarina,230
wood_stain,231
latch,232
lock,233
video_game_console,234
box,235
home_game_console_accessory,236
playstation_accessory,237
game_controller,238
input_device,239
mellophone,240
euphonium,241
electronic_keyboard,242
keyboard_player,243
dress_shirt,244
suit,245
fashion_accessory,246
bow_tie,247
collar,248
formal_wear,249
necktie,250
sewing_machine,251
pencil_sharpener,252
sheep,253
livestock,254
iris,255
pen,256
document,257
paper_product,258
office_supplies,259
portrait,260
sleeve,261
artisan,262
torso,263
highchair,264
plumbing_fixture,265
faucet,266
sink,267
plumbing,268
hurdle,269
athlete,270
street_light,271
pole,272
bungee,273
ceiling,274
wall,275
door,276
surfing_equipment_and_supplies,277
mast,278
sail,279
sailboat,280
boat,281
sculpture,282
marimba,283
statue,284
monument,285
swimmer,286
camgirl,287
lingerie,288
undergarment,289
ankle,290
chess_master,291
tabletop_game,292
chessman,293
chessboard,294
bagpipes,295
kilt,296
tuxedo,297
stubble,298
cap,299
tower,300
arecales,301
conifer,302
roof,303
facade,304
linens,305
walker,306
toy,307
pineapple,308
fruit,309
ananas,310
bromeliaceae,311
cumulus,312
dog,313
barber,314
hairdresser,315
guard_rail,316
bowling_ball,317
bowler,318
bowling_pin,319
dishware,320
tableware,321
ingredient,322
flour,323
hair_coloring,324
whiskers,325
trousers,326
black_belt,327
dobok,328
chest,329
smoke,330
carnivoran,331
mammal,332
sand,333
desk,334
lumber,335
carpenter,336
clown,337
swimwear,338
sunbather,339
mud,340
banderillero,341
cattle_like_mammal,342
matador,343
bull,344
rubble,345
power_shovel,346
construction_equipment,347
scrap,348
bulldozer,349
illustration,350
sportswear,351
window,352
plastic_bag,353
mural,354
graffiti,355
pumpkin,356
vegetable,357
gourd,358
jack_o_lantern,359
cucumber_gourd_and_melon_family,360
cucurbita,361
carving,362
telephone,363
snack,364
television_set,365
jacket,366
shirt,367
football_player,368
dress,369
motorcycle_accessories,370
outdoor_play_equipment,371
venison,372
red_meat,373
animal_fat,374
beef,375
butcher,376
beef_tenderloin,377
siding,378
carrot,379
water_feature,380
barbell,381
weights,382
weightlifter,383
exercise_equipment,384
cobblestone,385
outdoor_shoe,386
slate_roof,387
cartoon,388
cookware_and_bakeware,389
hot_pot,390
aioli,391
green_bean,392
tile,393
motocross_bike,394
motorcycle,395
melon,396
citrullus,397
watermelon,398
paw,399
cat,400
kitten,401
citrus,402
choreographer,403
bicycle,404
agricultural_machinery,405
tractor,406
mower,407
outdoor_power_equipment,408
mattress,409
bed,410
bed_frame,411
recycling_bin,412
garbage_man,413
waste_container,414
lobe,415
magazine,416
billboard,417
basketball_player,418
washing_machine,419
clothes_dryer,420
laundry,421
playpen,422
sandwich,423
paper_towel,424
medicine_ball,425
sports_equipment,426
road_bicycle,427
mountain_bike,428
herb,429
bicycle_accessory,430
bmx_bike,431
bird,432
beak,433
pigeons_and_doves,434
divemaster,435
diver,436
buoyancy_compensator,437
fish,438
diving_equipment,439
fin,440
aquanaut,441
shoe,442
student,443
common_pet_parakeet,444
parrot,445
parakeet,446
lovebird,447
perico,448
feather,449
macaw,450
cage,451
chair,452
coral_reef_fish,453
marine_invertebrates,454
algae,455
coral,456
aqua,457
goat,458
waterfowl,459
wave,460
ducks_geese_and_swans,461
tail,462
terrestrial_animal,463
chain_link_fencing,464
net,465
television_reporter,466
journalist,467
television_presenter,468
windshield,469
bicycle_wheel,470
alloy_wheel,471
bicycle_part,472
bicycle_frame,473
bicycle_tire,474
stove_and_oven,475
wok,476
countertop,477
kitchen_appliance,478
sled,479
snowmobile,480
handlebar,481
auto_part,482
bicycle_chain,483
steel,484
glass,485
artificial_fly,486
twig,487
spatula,488
dough,489
golf_equipment,490
top,491
tablecloth,492
envelope,493
leaf_vegetable,494
salad,495
golfer,496
putter,497
professional_golfer,498
spaniel,499
puppy,500
companion_dog,501
bridle,502
horse_harness,503
mare,504
mane,505
pack_animal,506
stallion,507
rein,508
horse_like_mammal,509
halter,510
horse,511
horse_tack,512
horse_supplies,513
dance_dress,514
ballet_skirt,515
plant_stem,516
active_undergarment,517
goal,518
drinkware,519
marines,520
red_carpet,521
boxing_glove,522
boxing_equipment,523
carpet,524
wrestler,525
shopping_cart,526
skateboarder,527
pedestrian,528
lacrosse_training_equipment,529
football_helmet,530
protective_equipment_in_gridiron_football,531
football_equipment_and_supplies,532
jersey,533
protective_gear_in_sports,534
longboard,535
skateboard,536
motorboat,537
boats_and_boating_equipment_and_supplies,538
javelin,539
surfboard,540
soccer_player,541
soccer_ball,542
hot_tub,543
tights,544
knitting_needle,545
knot,546
spindle,547
thread,548
crochet_needle,549
bricklayer,550
brick,551
stone_wall,552
brickwork,553
eating_apple,554
go_kart,555
all_terrain_vehicle,556
crop,557
physician,558
patient,559
construction_worker,560
mender,561
communication_device,562
mobile_phone,563
bobsled,564
baseball_cap,565
hat,566
scissors,567
baseball_equipment,568
campfire,569
bread,570
bread_dough,571
bubble,572
chef,573
dairy_product,574
snowsuit,575
curd,576
batter,577
cream,578
jewellery,579
bead,580
crystal,581
gemstone,582
cup,583
serveware,584
pizza,585
cake,586
pizza_cheese,587
pepperoni,588
oyster,589
appetizer,590
frost,591
steamed_rice,592
white_rice,593
bed_sheet,594
fireplace,595
hearth,596
baker,597
household_cleaning_supply,598
bedding,599
dairy_cow,600
cow_goat_family,601
vacuum_cleaner,602
swab,603
diaper,604
bucket,605
fitness_professional,606
edger,607
walk_behind_mower,608
teddy_bear,609
stuffed_toy,610
agaric,611
mushroom,612
aquatic_plant,613
vascular_plant,614
fungus,615
edible_mushroom,616
matsutake,617
bolete,618
agaricomycetes,619
agaricaceae,620
toe,621
spokesperson,622
white_collar_worker,623
anchor,624
businessperson,625
christmas_decoration,626
christmas_tree,627
home_door,628
refrigerator,629
parachute,630
hang_glider,631
baggage,632
root_vegetable,633
potato,634
apple,635
fruit_tree,636
tooth,637
boot,638
agriculturist,639
farmworker,640
gardener,641
shrub,642
shovel,643
date_palm,644
pine_family,645
garmon,646
button_accordion,647
diatonic_button_accordion,648
accordionist,649
bandoneon,650
racket,651
tennis_equipment_and_supplies,652
squash,653
screen,654
emblem,655
sedan,656
electrical_supply,657
overhead_power_line,658
acoustic_guitar,659
guitar_accessory,660
electric_guitar,661
pawn,662
bass_fiddle,663
queen,664
cor_anglais,665
bass_oboe,666
clarinet_family,667
clarinet,668
bass_drum,669
snare_drum,670
non_skin_percussion_instrument,671
percussion_accessory,672
banjo,673
drumhead,674
pipe,675
home_accessories,676
table_tennis_racket,677
collection,678
field_hockey_ball,679
lacrosse_stick,680
fashion_model,681
harmonica,682
sunglasses,683
cheerleader,684
hockey_protective_equipment,685
defenseman,686
passenger,687
konghou,688
harp,689
hockey_stick,690
bocce_ball,691
cuatro,692
mandolin,693
tiple,694
polo_pony,695
jockey,696
equestrian,697
polo_mallet,698
book,699
bookcase,700
whistle,701
unicyclist,702
puzzle,703
block,704
tennis_player,705
tennis_pro,706
volleyball_player,707
stomach,708
lead_pencil,709
knife,710
chest_of_drawers,711
distilled_beverage,712
bottle,713
whisky,714
bartender,715
alcoholic_beverage,716
beer,717
spinach,718
porcelain,719
spring_greens,720
bowl,721
flat_panel_display,722
teacher,723
hors_d_oeuvre,724
bell_peppers_and_chili_peppers,725
exercise_machine,726
full_size_car,727
performance_car,728
bumper,729
compact_car,730
vehicle_door,731
hood,732
steering_part,733
steering_wheel,734
car_seat,735
head_restraint,736
car_seat_cover,737
personal_computer,738
bicycle_saddle,739
toilet,740
washbasin,741
hair_accessory,742
bidet,743
sweater,744
ski_equipment,745
ski,746
ski_pole,747
snowshoe,748
ski_binding,749
aircraft,750
propeller,751
wing,752
pine,753
snowboard,754
snorkel,755
automotive_window_part,756
mirror,757
flower_bouquet,758
bathtub,759
sea_ice,760
sandbox,761
seat_belt,762
drawer,763
skiff,764
wetsuit,765
sea_kayak,766
kayak,767
rope,768
black_cat,769
wrestling_singlet,770
wrestling_mat,771
spinning_wheel,772
square_dancer,773
machine_tool,774
figurine,775
flowerpot,776
flowering_plant,777
houseplant,778
watering_can,779
bow_and_arrow,780
chain,781
baby_carrier,782
baby_buggy,783
hard_hat,784
wedding_ring,785
cookies_and_crackers,786
camel,787
arabian_camel,788
indian_elephant,789
african_elephant,790
elephant,791
grocer,792
playground_slide,793
figure_skater,794
egg,795
egg_yolk,796
yolk,797
calf,798
horn,799
ox,800
stall,801
shopkeeper,802
beam,803
scaffolding,804
composite_material,805
cravat,806
dining_table,807
physical_therapist,808
therapist,809
heel,810
ligament,811
sushi,812
rice,813
sashimi,814
pan,815
aqualung,816
platter,817
plate,818
window_covering,819
tongue,820
cash_machine,821
power_drill,822
drill,823
lathe,824
metal_lathe,825
scooter,826
racer,827
stock_car,828
race_car,829
fan,830
backseat,831
sewing_machine_needle,832
toy_box,833
nail_polish,834
wedding_dress,835
gown,836
bride,837
curtain,838
spoke,839
car_tire,840
newspaper,841
serger,842
saddle,843
horseman,844
sport_utility_vehicle,845
hedge,846
spitz,847
samoyed,848
west_highland_white_terrier,849
pungsan_dog,850
outdoor_furniture,851
fur_clothing,852
wire_fencing,853
stemware,854
red_wine,855
wine_glass,856
wine,857
champagne,858
liquor_shelf,859
mat,860
briefs,861
outdoor_grill,862
dustpan,863
grape,864
grapevine_family,865
leotard,866
musher,867
sled_dog,868
dog_sled,869
shed,870
bumper_car,871
sleeper,872
tudung,873
stunt_performer,874
fir,875
handrail,876
sports_uniform,877
banner,878
bathing_cap,879
broom,880
sauces,881
yacht,882
scow,883
kielbasa,884
rolling_pin,885
bedrock,886
boulder,887
snow_thrower,888
snowplow,889
rotisserie,890
sports_car,891
scarf,892
labrador_retriever,893
track_spikes,894
water_ski,895
vizsla,896
hunting_dog,897
loom,898
bassinet,899
infant_bed,900
giraffe,901
fountain,902
compound_microscope,903
microscope,904
optical_instrument,905
light_microscope,906
scientific_instrument,907
barware,908
carton,909
laptop,910
mobile_device,911
smartphone,912
feature_phone,913
amusement_ride,914
toppings,915
chocolate_cake,916
chocolate,917
flourless_chocolate_cake,918
whipped_cream,919
baseball_bat,920
baseball_player,921
strainer,922
colander,923
cutlery,924
mixing_bowl,925
carriage,926
swing,927
crossword_puzzle,928
brush,929
barrow,930
palm_tree,931
tent,932
gymnast,933
lineman,934
juice,935
personal_digital_assistant,936
portable_communications_device,937
groundcover,938
bathroom_sink,939
underpants,940
toothbrush,941
sport_kite,942
metalsmith,943
welder,944
blacksmith,945
camera_accessory,946
seabird,947
comforter,948
drinking_water,949
air_bubble,950
fence,951
medical_glove,952
label,953
uneven_parallel_bars,954
dip,955
coffee_table,956
fork,957
whales_dolphins_and_porpoises,958
sailing_ship,959
dhow,960
ship,961
roller_skates,962
charcoal,963
minivan,964
van,965
compact_van,966
gate,967
pickup_truck,968
medical_assistant,969
shelf,970
scaled_reptile,971
reptile,972
boas,973
serpent,974
boa_constrictor,975
snake,976
cricket_bat,977
runner,978
german_shepherd_dog,979
sand_wedge,980
broccoli,981
ring,982
artifact,983
koi,984
goldfish,985
aquarium,986
firefighter,987
singlet,988
annual_plant,989
cabinetry,990
sugar_paste,991
buttercream,992
fondant,993
birthday_cake,994
icing,995
torte,996
wig,997
exhaust_system,998
pencil,999
jigsaw_puzzle,1000
christmas_lights,1001
broth,1002
soup,1003
coin,1004
bonfire,1005
pinscher,1006
knackwurst,1007
sketch,1008
fried_egg,1009
ladder,1010
urinal,1011
sneakers,1012
athletic_shoe,1013
walking_shoe,1014
scale_model,1015
play_vehicle,1016
charcuterie,1017
car_wheel,1018
automotive_exhaust,1019
automotive_engine_part,1020
engine,1021
gearshift,1022
guard_dog,1023
american_pit_bull_terrier,1024
whippet,1025
foil,1026
fishing_rod,1027
oars,1028
paddle,1029
harvester,1030
bullfighter,1031
watercolor_paint,1032
candle,1033
hoodie,1034
beehive,1035
bee,1036
beekeeper,1037
bubble_gum,1038
wiper,1039
coverall,1040
honey_bee,1041
membrane_winged_insect,1042
honeycomb,1043
insect,1044
invertebrate,1045
action_figure,1046
cookie,1047
chocolate_chip_cookie,1048
biscuit,1049
central_processing_unit,1050
computer_hardware,1051
computer_cooling,1052
motherboard,1053
computer_component,1054
computer_case,1055
petal,1056
rose,1057
rose_family,1058
cut_flowers,1059
center_console,1060
aerialist,1061
crocodile,1062
crocodilia,1063
alligator,1064
goggles,1065
american_alligator,1066
cold_weapon,1067
pig_like_mammal,1068
gauge,1069
archer,1070
bouquet,1071
cable,1072
computer_accessory,1073
roast_beef,1074
steak,1075
bikini,1076
parallel_bars,1077
drinker,1078
circus_acrobat,1079
trapeze,1080
belay_device,1081
shaving_cream,1082
chest_hair,1083
retriever,1084
vintage_car,1085
off_road_vehicle,1086
baby_toys,1087
researcher,1088
data_storage_device,1089
tabby_cat,1090
torch,1091
bassist,1092
bass,1093
fiddle,1094
chip,1095
academic_dress,1096
balance_beam,1097
blender,1098
mixer,1099
food_processor,1100
pomeranian,1101
maltese,1102
german_spitz,1103
golf_ball,1104
schnoodle,1105
terrier,1106
golden_retriever,1107
polo_shirt,1108
flag,1109
flag_of_the_united_states,1110
ivy,1111
bandage,1112
glove,1113
fishing_lure,1114
bait,1115
basket,1116
hybrid_bicycle,1117
racing_bicycle,1118
neon_lamp,1119
water_bird,1120
fencing_sword,1121
epee,1122
fencing_weapon,1123
safety_bicycle,1124
leggings,1125
bony_fish,1126
fish_feeder,1127
litter,1128
carbonara,1129
taglierini,1130
noodle,1131
spaghetti,1132
backboard,1133
bin,1134
executive_car,1135
supercar,1136
windshield_wiper,1137
pontoon,1138
paving,1139
dumbbell,1140
spruce,1141
bus,1142
traffic_cop,1143
ballet_dancer,1144
shih_tzu,1145
stairs,1146
cookie_sheet,1147
stew,1148
clams_oysters_mussels_and_scallops,1149
clam,1150
frying_pan,1151
sash_window,1152
gas_ring,1153
microwave_oven,1154
comb,1155
rock_climbing_equipment,1156
craftsman,1157
radial,1158
mechanic,1159
winter_squash,1160
artificial_turf,1161
iceberg,1162
fisherman,1163
nib,1164
fountain_pen,1165
trailer,1166
display_case,1167
trampoline,1168
printer,1169
saw,1170
customer,1171
spume,1172
flagstone,1173
brassiere,1174
skewer,1175
brochette,1176
yakitori,1177
miniature_poodle,1178
poodle,1179
disk_jockey,1180
griddle,1181
bicycle_handlebar,1182
wrist,1183
centrepiece,1184
vase,1185
picnic_boat,1186
garbage_heap,1187
canoe,1188
condiment,1189
pebble,1190
blood,1191
cheerleading_uniform,1192
salmon,1193
bayonne_ham,1194
blackboard,1195
bowling_equipment,1196
birch,1197
medical_equipment,1198
flush_toilet,1199
finger_paint,1200
window_treatment,1201
climbing_frame,1202
gas_burner,1203
parsley,1204
pothole,1205
beanie,1206
ice_lolly,1207
ice_cream,1208
ice_cream_cone,1209
miler,1210
spoon,1211
cupboard,1212
hubcap,1213
caricaturist,1214
moped,1215
padlock,1216
cruciferous_vegetables,1217
duck,1218
coffee,1219
bean,1220
mountaineer,1221
commercial_vehicle,1222
minibus,1223
green_algae,1224
kisser,1225
glider,1226
pliers,1227
necklace,1228
bracelet,1229
bicycle_helmet,1230
kitchen_knife,1231
trowel,1232
electronic_signage,1233
door_handle,1234
blouse,1235
photocopier,1236
duplicator,1237
scanner,1238
output_device,1239
jointer,1240
wildlife_biologist,1241
acoustic_electric_guitar,1242
fret,1243
maraca,1244
lute,1245
firearm,1246
electric_organ,1247
organ_pipe,1248
farm_machine,1249
sarong,1250
tennis_racket,1251
saxhorn,1252
concert_grand,1253
xylophone,1254
vibraphone,1255
beer_cocktail,1256
cocktail_garnish,1257
cocktail,1258
non_alcoholic_beverage,1259
led_backlit_lcd_display,1260
lcd_tv,1261
tomato,1262
garnish,1263
melee_weapon,1264
fuel,1265
gas_pump,1266
siberian_husky,1267
greenland_dog,1268
knit_cap,1269
hospital_bed,1270
sloop,1271
truck,1272
forklift_truck,1273
tomahawk,1274
motorized_wheelchair,1275
donkey,1276
mule,1277
elliptical_trainer,1278
hardware_accessory,1279
scuba_diver,1280
glutinous_rice,1281
tea,1282
saucer,1283
coffee_cup,1284
stony_coral,1285
mallet,1286
hammer,1287
military_uniform,1288
military_camouflage,1289
tank,1290
stick,1291
kite,1292
crane,1293
seaweed,1294
cart,1295
foundation,1296
headpiece,1297
steam_iron,1298
motorcyclist,1299
motor_scooter,1300
vaulter,1301
galliformes,1302
bicycle_drivetrain_part,1303
exercise_bike,1304
musket,1305
toy_poodle,1306
climber,1307
alpinist,1308
open_wheel_car,1309
chariot,1310
maillot,1311
circular_saw,1312
coat,1313
blue_collar_worker,1314
engineer,1315
traffic_light,1316
police_officer,1317
powdered_sugar,1318
toilet_tissue,1319
white_coat,1320
lab_coat,1321
trigger,1322
pantyhose,1323
window_screen,1324
jasmine_rice,1325
teapot,1326
pezizales,1327
oyster_mushroom,1328
agaricus,1329
greek_salad,1330
cucumber,1331
wildflower,1332
cheese,1333
cream_cheese,1334
pastry,1335
acrylic_paint,1336
airliner,1337
discinaceae,1338
soft_drink,1339
aquifoliaceae,1340
terrestrial_plant,1341
cabinet,1342
tricycle,1343
bag,1344
garbage_truck,1345
trailer_truck,1346
aegean_cat,1347
moss,1348
flatbread,1349
sicilian_pizza,1350
retaining_wall,1351
fern,1352
bench,1353
cherry,1354
personal_flotation_device,1355
gift,1356
color_television,1357
pug,1358
safety_belt,1359
speedometer,1360
paintball_equipment,1361
volleyball_net,1362
bichon,1363
rifle,1364
alto_horn,1365
air_gun,1366
paintball_gun,1367
beer_glass,1368
jungle_gym,1369
horizontal_bar,1370
light_bulb,1371
milk,1372
bib,1373
ale,1374
pint_glass,1375
vintage_clothing,1376
cowboy_hat,1377
seaplane,1378
tub,1379
stalagmite,1380
coconut,1381
mask,1382
random_orbital_sander,1383
safety_glove,1384
theater_curtain,1385
waist,1386
bottled_water,1387
foal,1388
colt,1389
rubber_boot,1390
tusk,1391
sun_hat,1392
oyster_shell,1393
wagon,1394
lighting_accessory,1395
blazer,1396
chain_saw,1397
tachometer,1398
passenger_ship,1399
motor_ship,1400
diving_mask,1401
cookware_accessory,1402
sea_turtle,1403
loggerhead,1404
blade,1405
window_blind,1406
vehicle_registration_plate,1407
wrench,1408
cardboard_box,1409
champagne_stemware,1410
lasso,1411
scoreboard,1412
havanese,1413
loveseat,1414
alaskan_malamute,1415
camera,1416
barrel,1417
sandal,1418
groom,1419
greyhound,1420
automotive_mirror,1421
lollipop,1422
horse_trainer,1423
chute,1424
swimsuit_bottom,1425
rear_view_mirror,1426
computer,1427
desktop_computer,1428
chassis,1429
drop,1430
dinnerware_set,1431
roller_blades,1432
lace,1433
cowboy,1434
column,1435
baluster,1436
shower_curtain,1437
travel_trailer,1438
schipperke,1439
fedora,1440
glassblower,1441
album_cover,1442
leash,1443
nightwear,1444
water_polo_cap,1445
vitis,1446
croquet_mallet,1447
picket_fence,1448
crampon,1449
lamp,1450
flashlight,1451
berry,1452
dolphin,1453
royal_icing,1454
sugar_cake,1455
balcony,1456
frozen_dessert,1457
lemonade,1458
lemon,1459
clementine,1460
waiter,1461
cheeseburger,1462
hamburger,1463
car_mirror,1464
gear,1465
hatchback,1466
blossom,1467
bun,1468
cabin_cruiser,1469
cab,1470
bridal_clothing,1471
ferry,1472
emergency_vehicle,1473
umbrella,1474
watch,1475
vehicle_brake,1476
office_equipment,1477
adding_machine,1478
hand_calculator,1479
hub_gear,1480
earrings,1481
cellular_telephone,1482
hatchet,1483
ax,1484
picador,1485
sideboard,1486
hair_dryer,1487
pilot_boat,1488
garden_roses,1489
spin_dryer,1490
clothes_hamper,1491
folk_dancer,1492
carbonated_soft_drinks,1493
cola,1494
ranged_weapon,1495
gravel,1496
storage_basket,1497
climbing_harness,1498
chihuahua,1499
needle,1500
portable_media_player,1501
media_player,1502
wardrobe,1503
clothes_closet,1504
closet,1505
backhoe,1506
ax_handle,1507
button,1508
cocktail_dress,1509
coffee_bean,1510
skidder,1511
collie,1512
chicken,1513
domestic_rabbit,1514
rabbit,1515
sapsali,1516
trail_bike,1517
goat_antelope,1518
park_bench,1519
bagel,1520
concertina,1521
espresso,1522
pigeon,1523
stock_dove,1524
convertible,1525
mandarin_orange,1526
gazebo,1527
gin_and_tonic,1528
cockapoo,1529
io_card,1530
heat_sink,1531
panelist,1532
catamaran,1533
dashboard,1534
florist,1535
wedding_ceremony_supply,1536
all_xbox_accessory,1537
playstation_3_accessory,1538
space_bar,1539
grand_piano,1540
handbag,1541
fishing_bait,1542
synthesizer,1543
pearl,1544
home_fencing,1545
glockenspiel,1546
celesta,1547
little_black_dress,1548
kettle,1549
bassoon,1550
automaton,1551
shopping_basket,1552
speleothem,1553
mcintosh,1554
running_shoe,1555
dryer,1556
superhero,1557
redhead,1558
fly,1559
spice,1560
dome,1561
numeric_keypad,1562
seed,1563
pocket,1564
dairy_cattle,1565
marcher,1566
mattress_pad,1567
skirt,1568
switch,1569
sprinkler,1570
hot_air_balloon,1571
big_cats,1572
shipwreck,1573
digital_clock,1574
power_mower,1575
cricketer,1576
robot,1577
stocking,1578
lens,1579
antique_car,1580
angle_grinder,1581
stout,1582
uke,1583
pillow,1584
high_heeled_footwear,1585
train,1586
ribbon,1587
great_dane,1588
sculptor,1589
collage,1590
cheese_pizza,1591
mug,1592
camera_lens,1593
root,1594
earl_grey_tea,1595
headphones,1596
pinata,1597
feather_boa,1598
standard_poodle,1599
sock,1600
bugle,1601
wood_burning_stove,1602
cod,1603
quill,1604
cucumis,1605
flightless_bird,1606
hairbrush,1607
colubridae,1608
bowie_knife,1609
juggler,1610
antique,1611
whisk,1612
oxygen_mask,1613
cannon,1614
dishwasher,1615
peel,1616
streamer_fly,1617
rock_star,1618
hay,1619
straw,1620
curbstone,1621
lotion,1622
brake_disk,1623
meat_grinder,1624
pony,1625
chocolate_brownie,1626
cowbarn,1627
dump_truck,1628
pommel_horse,1629
potato_and_tomato_genus,1630
farmer,1631
non_commissioned_officer,1632
pointer,1633
table_knife,1634
hand_glass,1635
oil_paint,1636
commuter,1637
lettuce,1638
horse_and_buggy,1639
wicker_basket,1640
mixing_console,1641
thorns_spines_and_prickles,1642
fishing_vessel,1643
inflatable_boat,1644
plimsoll,1645
rodent,1646
beyaz_peynir,1647
wicket,1648
spinach_salad,1649
pig,1650
tall_ship,1651
schooner,1652
toast,1653
fried_rice,1654
hand_drum,1655
handcart,1656
sweet_grass,1657
subcompact_car,1658
swan,1659
bathroom_accessory,1660
lever,1661
whaler,1662
golfcart,1663
stuffing,1664
barramundi,1665
caesar_salad,1666
shrimp,1667
workman,1668
locker,1669
locomotive,1670
bongo,1671
wheat_beer,1672
mason_jar,1673
french_fries,1674
chocolate_spread,1675
percussion_instrument,1676
pasta,1677
