meadow,0
backyard,1
garden,2
yard,3
stage,4
musical_theatre,5
field,6
sky,7
pasture,8
grassland,9
park,10
landscape,11
casino,12
floor,13
nightclub,14
piste,15
mountainous_landforms,16
mountain,17
hill,18
snow_covered_landscape,19
highland,20
mountain_range,21
forest,22
bar,23
restaurant,24
chapel,25
path,26
theatre,27
road,28
street,29
coast,30
coastal_and_oceanic_landforms,31
home,32
property,33
land_lot,34
natural_resources,35
room,36
race_track,37
stadium,38
sport_venue,39
arena,40
house,41
sea,42
leisure_centre,43
swimming_pool,44
building,45
residential_area,46
estate,47
grove,48
barbershop,49
lane,50
track,51
bowling_alley,52
beauty_salon,53
body_of_water,54
beach,55
river,56
bank,57
watercourse,58
waterway,59
bullring,60
formation,61
plain,62
function_hall,63
playground,64
butcher_shop,65
gym,66
walkway,67
stream,68
creek,69
nature_reserve,70
riparian_zone,71
ice_rink,72
hotel_room,73
bedroom,74
hotel,75
basketball_court,76
office,77
public_space,78
school,79
terrain,80
shore,81
aeolian_landform,82
dune,83
ecoregion,84
sidewalk,85
dock,86
marina,87
living_room,88
coral_reef,89
reef,90
zoo,91
kitchen,92
golf_course,93
auditorium,94
tennis_court,95
rural_area,96
football_stadium,97
field_lacrosse,98
horizon,99
lake,100
resort,101
boutique,102
shopping_mall,103
retail,104
supermarket,105
aisle,106
grocery_store,107
music_venue,108
parking,109
farm,110
hall,111
market,112
dining_room,113
ice_hockey_position,114
ice_hockey_rink,115
haze,116
ranch,117
kindergarten,118
tourist_attraction,119
laboratory,120
boxing_ring,121
bathroom,122
religious_institute,123
headland,124
bridge,125
reservoir,126
desert,127
national_park,128
wildlife_region,129
amusement_park,130
deck,131
ballroom,132
factory,133
warehouse,134
toolroom,135
town,136
neighbourhood,137
workshop,138
escarpment,139
bay,140
attic,141
basement,142
batting_cage,143
ski_slope,144
pond,145
wetland,146
massif,147
ridge,148
automobile_repair_shop,149
outcrop,150
cliff,151
archaeological_site,152
road_highway,153
badlands,154
skyscraper,155
metropolitan_area,156
place_of_worship,157
landmark,158
stable,159
baseball_positions,160
television_room,161
garden_buildings,162
clinic,163
hospital,164
day_nursery,165
baseball_field,166
sandbank,167
fish_pond,168
downtown,169
urban_area,170
restroom,171
apiary,172
log_cabin,173
bakery,174
waterfall,175
fault,176
inlet,177
animal_shelter,178
cave,179
fluvial_landforms_of_streams,180
sandbar,181
boardwalk,182
tropical_beach,183
skyline,184
cityscape,185
tower_block,186
barn,187
garage,188
suburb,189
town_square,190
tennis_camp,191
tropics,192
pedestrian_crossing,193
intersection,194
apartment,195
condominium,196
shack,197
hot_spring,198
summit,199
panorama,200
village,201
shooting_range,202
bayou,203
tunnel,204
cape,205
patio,206
courtyard,207
plaza,208
bazaar,209
historic_site,210
canyon,211
swamp,212
alley,213
stream_bed,214
arroyo,215
foundry,216
channel,217
fire_department,218
opera,219
port,220
marsh,221
ballpark,222
hut,223
harbor,224
meander,225
performing_arts_center,226
cocktail_lounge,227
conference_hall,228
concert_hall,229
mountain_pass,230
seashore,231
carport,232
fair,233
tavern,234
glacial_lake,235
cockpit,236
palace,237
valley,238
lecture_room,239
plateau,240
urban_design,241
pavilion,242
seaside,243
riverbed,244
paddy_field,245
littoral,246
strand,247
